transaction_id,customer_name,product_name,category,price,quantity,payment_method,transaction_date,shipping_city,rating
TR00305,Ophelia Hartati,Quo Basic,Buku,50000.0,4,Kartu Kredit,2026-07-14,Blitar,1.0
TR00500,Cut Maya Wijayanti,Delectus,Elektronik,500000.0,1,E-Wallet,2026-07-10,Lubuklinggau,
TR00442,"Dr. Ridwan Utama, M.Pd",Animi Max,Elektronik,25000.0,1,COD,2026-08-26,Probolinggo,2.0
TR00154,"Viman Suwarno, S.H.",Consectetur,Fashion,250000.0,1,COD,2026-07-28,Tual,4.0
TR00132,Ir. Ilyas Setiawan,Ducimus Pro,Rumah Tangga,250000.0,4,COD,2026-09-16,Subulussalam,2.0
TR00205,Agnes Najmudin,Dicta Pro,Rumah Tangga,120000.0,1,E-Wallet,2026-08-08,Batam,2.0
TR00010,"dr. Elisa Uwais, S.I.Kom",Eos Max,Fashion,1200000.0,4,COD,2026-08-18,Tidak Diketahui,5.0
TR00326,Julia Halimah,Consequuntur Pro,Kesehatan,150000.0,4,E-Wallet,2026-08-19,Ambon,4.0
TR00248,R.M. Radika Fujiati,Consectetur Lite,Fashion,1200000.0,2,Transfer Bank,2026-09-12,Palopo,
TR00466,"Cakrabirawa Hidayat, M.TI.",Recusandae Pro,Fashion,50000.0,2,E-Wallet,2026-06-19,Palembang,2.0
TR00354,Jelita Mangunsong,Harum Basic,Kesehatan,500000.0,1,E-Wallet,2026-07-05,Bandung,
TR00290,R. Ella Wahyuni,Soluta Lite,Kesehatan,15000.0,3,COD,2026-08-22,Salatiga,
TR00085,Danang Andriani,Molestias Lite,Elektronik,150000.0,2,COD,2026-09-08,Tidak Diketahui,3.0
TR00011,"Cawisono Nasyidah, S.H.",Dolorem Max,Buku,500000.0,5,E-Wallet,2026-07-30,Subulussalam,4.0
TR00325,Mulyono Nuraini,Et,Fashion,50000.0,1,E-Wallet,2026-08-15,Bengkulu,
TR00079,Dr. Legawa Simanjuntak,Numquam Max,Rumah Tangga,25000.0,1,Transfer Bank,2026-08-13,Purwokerto,2.0
TR00031,Gabriella Namaga,Delectus Max,Fashion,120000.0,4,COD,2026-08-23,Kota Administrasi Jakarta Barat,1.0
TR00185,Rahmat Pradipta,Iure Lite,Kesehatan,75000.0,1,E-Wallet,2026-08-27,Kota Administrasi Jakarta Utara,5.0
TR00196,Ghaliyati Zulkarnain,Labore Pro,Kesehatan,500000.0,5,E-Wallet,2026-09-01,Padangpanjang,
TR00223,"Ir. Bahuraksa Nugroho, M.Kom.",Officiis Lite,Rumah Tangga,1200000.0,1,E-Wallet,2026-08-25,Tangerang Selatan,2.0
TR00210,Gasti Mulyani,Cum Max,Buku,750000.0,4,COD,2026-07-20,Kotamobagu,
TR00282,"R.M. Dasa Lailasari, S.Ked",Magni,Rumah Tangga,500000.0,1,COD,2026-08-07,Pangkalpinang,1.0
TR00209,Empluk Handayani,Ut Max,Buku,120000.0,5,E-Wallet,2026-07-27,Padangpanjang,3.0
TR00251,"Gandewa Maulana, S.E.I",Amet,Kesehatan,15000.0,5,Transfer Bank,2026-07-14,Tanjungpinang,2.0
TR00077,"Puti Victoria Anggraini, S.H.",Dolorum,Fashion,120000.0,1,COD,2026-08-30,Banjarbaru,
TR00383,T. Rahman Thamrin,Fugiat Max,Kesehatan,120000.0,2,E-Wallet,2026-08-29,Medan,
TR00343,Paris Tarihoran,Autem Pro,Fashion,500000.0,3,E-Wallet,2026-09-09,Banjarmasin,
TR00324,"Humaira Mandala, S.IP",Sint Max,Buku,750000.0,4,Kartu Kredit,2026-08-24,Kota Administrasi Jakarta Barat,
TR00245,Dr. Hari Marpaung,Eligendi Basic,Kesehatan,750000.0,3,Transfer Bank,2026-08-30,Kota Administrasi Jakarta Pusat,2.0
TR00332,"Drs. Nadia Saputra, S.Kom",Culpa,Elektronik,75000.0,3,E-Wallet,2026-07-18,Sukabumi,1.0
TR00141,"Puti Malika Lazuardi, S.E.I",Praesentium,Buku,750000.0,5,Kartu Kredit,2026-09-10,Pekanbaru,1.0
TR00073,Edi Mulyani,Ut Pro,Elektronik,120000.0,2,E-Wallet,2026-08-14,Bekasi,4.0
TR00401,Erik Zulkarnain,Molestias Lite,Rumah Tangga,25000.0,5,Transfer Bank,2026-08-28,Samarinda,5.0
TR00488,"Cut Hesti Gunawan, M.Kom.",Maiores Lite,Buku,75000.0,3,Transfer Bank,2026-07-23,Cirebon,3.0
TR00226,Garan Mayasari,Aut Lite,Olahraga,500000.0,2,Kartu Kredit,2026-07-16,Bandung,5.0
TR00178,Tirta Nasyiah,Deleniti,Rumah Tangga,120000.0,1,Kartu Kredit,2026-07-23,Surakarta,
TR00404,Violet Hutagalung,Magni Basic,Fashion,25000.0,5,Transfer Bank,2026-07-11,Tebingtinggi,4.0
TR00056,Artanto Samosir,Maiores Lite,Kesehatan,250000.0,3,E-Wallet,2026-09-07,Manado,
TR00406,Warta Widodo,Iusto Max,Rumah Tangga,25000.0,1,E-Wallet,2026-09-02,Magelang,3.0
TR00299,dr. Fitriani Manullang,Praesentium Pro,Buku,1200000.0,3,Kartu Kredit,2026-09-16,Payakumbuh,2.0
TR00078,Sutan Vero Maheswara,Odit Basic,Elektronik,150000.0,5,Kartu Kredit,2026-07-01,Surakarta,1.0
TR00469,"Kiandra Tampubolon, S.Farm",Ipsam Max,Rumah Tangga,25000.0,2,E-Wallet,2026-08-29,Kota Administrasi Jakarta Utara,
TR00318,Tgk. Kenes Thamrin,Veritatis Basic,Kesehatan,25000.0,3,Kartu Kredit,2026-08-27,Singkawang,
TR00476,Gasti Gunarto,Assumenda Max,Olahraga,5000000.0,5,COD,2026-09-12,Pekalongan,2.0
TR00091,Asirwanda Rajata,Modi Basic,Olahraga,15000.0,5,Transfer Bank,2026-07-18,Madiun,
TR00239,Cahyo Mangunsong,Autem Lite,Kesehatan,50000.0,4,Kartu Kredit,2026-07-15,Pekalongan,2.0
TR00486,Amelia Mandasari,Reiciendis Pro,Olahraga,1200000.0,5,Kartu Kredit,2026-07-04,Kota Administrasi Jakarta Pusat,
TR00064,Lembah Fujiati,Laborum Lite,Rumah Tangga,25000.0,5,COD,2026-08-23,Palangkaraya,5.0
TR00458,Wisnu Manullang,Nulla,Buku,50000.0,5,E-Wallet,2026-07-30,Dumai,
TR00071,Fathonah Astuti,Repellendus Lite,Kesehatan,1200000.0,3,COD,2026-08-12,Pangkalpinang,2.0
TR00003,Johan Suartini,Alias,Rumah Tangga,750000.0,4,E-Wallet,2026-08-08,Jayapura,2.0
TR00288,T. Slamet Hutapea,Explicabo,Elektronik,250000.0,1,E-Wallet,2026-07-06,Blitar,5.0
TR00342,KH. Mulya Pratama,Expedita Pro,Rumah Tangga,250000.0,5,Transfer Bank,2026-08-19,Pontianak,5.0
TR00138,Vanya Habibi,Enim Basic,Rumah Tangga,12000000.0,4,Transfer Bank,2026-07-13,Kotamobagu,
TR00250,Cindy Wahyudin,Et Pro,Olahraga,1200000.0,4,Kartu Kredit,2026-06-21,Tasikmalaya,3.0
TR00195,Simon Yolanda,Totam Lite,Kesehatan,25000.0,3,Transfer Bank,2026-09-05,Tidak Diketahui,1.0
TR00173,Paulin Maheswara,Odit Lite,Elektronik,250000.0,3,Kartu Kredit,2026-07-22,Sawahlunto,2.0
TR00083,Cahyo Maryadi,Eveniet Basic,Rumah Tangga,1200000.0,3,COD,2026-07-23,Tarakan,4.0
TR00454,Siska Widiastuti,Voluptatem,Elektronik,50000.0,5,E-Wallet,2026-07-21,Prabumulih,
TR00319,Febi Prayoga,Hic,Fashion,2500000.0,2,Transfer Bank,2026-08-08,Langsa,1.0
TR00034,Titi Sirait,Corrupti,Elektronik,120000.0,1,Transfer Bank,2026-07-11,Prabumulih,2.0
TR00427,"Ian Widodo, S.Ked",Sint Basic,Buku,120000.0,4,Transfer Bank,2026-09-06,Semarang,
TR00228,Drs. Kiandra Hariyah,Repellendus Max,Buku,150000.0,4,E-Wallet,2026-08-07,Palopo,3.0
TR00001,"Balidin Dongoran, S.T.",Exercitationem Pro,Elektronik,120000.0,2,Transfer Bank,2026-07-09,Tangerang,1.0
TR00012,"Puti Prasetya, S.Psi",Aspernatur Pro,Elektronik,25000.0,2,Kartu Kredit,2026-07-09,Lubuklinggau,5.0
TR00238,Ira Najmudin,Error,Kesehatan,500000.0,4,Kartu Kredit,2026-07-19,Depok,2.0
TR00023,Nurul Budiyanto,Culpa Basic,Rumah Tangga,15000.0,1,COD,2026-09-10,Kendari,2.0
TR00297,Dewi Santoso,Odio Max,Fashion,500000.0,4,COD,2026-07-11,Banjarbaru,1.0
TR00102,Ibrahim Nugroho,Quasi,Rumah Tangga,250000.0,4,Transfer Bank,2026-09-13,Singkawang,3.0
TR00080,Endah Kusmawati,Odio Lite,Olahraga,120000.0,1,Kartu Kredit,2026-07-12,Subulussalam,2.0
TR00430,Faizah Haryanti,Cum,Buku,120000.0,1,Kartu Kredit,2026-07-12,Pontianak,3.0
TR00432,Zulfa Haryanti,Sit Max,Olahraga,750000.0,2,E-Wallet,2026-07-04,Singkawang,2.0
TR00019,"Calista Zulaika, M.Pd",Fugiat Lite,Buku,1200000.0,4,Kartu Kredit,2026-08-27,Binjai,3.0
TR00177,Arsipatra Firgantoro,Incidunt Basic,Olahraga,500000.0,2,Kartu Kredit,2026-09-16,Bengkulu,3.0
TR00232,Intan Wibisono,Nemo Pro,Elektronik,120000.0,4,Kartu Kredit,2026-08-27,Sorong,3.0
TR00133,"Dr. Cornelia Halimah, S.I.Kom",Nemo Lite,Buku,1200000.0,2,COD,2026-07-18,Cilegon,2.0
TR00040,Gasti Hakim,Repellendus Lite,Fashion,500000.0,1,COD,2026-08-24,Tidore Kepulauan,
TR00465,"R. Baktiono Sihotang, S.I.Kom",In Pro,Rumah Tangga,1200000.0,4,E-Wallet,2026-07-01,Sukabumi,2.0
TR00047,Sutan Jono Saptono,Delectus,Kesehatan,500000.0,3,COD,2026-09-10,Kota Administrasi Jakarta Barat,
TR00358,T. Daruna Permata,Ipsum,Kesehatan,120000.0,3,Transfer Bank,2026-08-09,Kendari,4.0
TR00278,"T. Niyaga Hassanah, S.Kom",Similique Lite,Kesehatan,120000.0,3,Kartu Kredit,2026-07-14,Dumai,
TR00363,"R.A. Ifa Megantara, M.M.",Aspernatur Lite,Buku,250000.0,1,Kartu Kredit,2026-08-08,Sabang,5.0
TR00094,"Bagiya Yulianti, S.Gz",Aliquam Pro,Fashion,25000.0,4,E-Wallet,2026-09-12,Banda Aceh,5.0
TR00447,Rina Nasyiah,Dolores Max,Elektronik,50000.0,1,Kartu Kredit,2026-07-18,Kupang,3.0
TR00204,"Radit Santoso, S.Ked",Ducimus Max,Olahraga,250000.0,5,COD,2026-07-13,Makassar,3.0
TR00149,"Prima Yulianti, S.E.I",Possimus Basic,Elektronik,150000.0,3,Transfer Bank,2026-09-13,Pekalongan,4.0
TR00221,Sutan Utama Tampubolon,Laudantium Basic,Kesehatan,750000.0,1,E-Wallet,2026-08-23,Kendari,3.0
TR00070,"Ellis Susanti, M.Farm",Incidunt Max,Rumah Tangga,75000.0,4,Transfer Bank,2026-07-25,Langsa,4.0
TR00254,"T. Dasa Sihombing, S.IP",Architecto Basic,Elektronik,15000.0,2,Kartu Kredit,2026-07-10,Batam,
TR00399,Puti Puspita,Quam Pro,Buku,25000.0,4,Transfer Bank,2026-07-25,Bekasi,2.0
TR00168,dr. Uchita Mustofa,Consectetur Pro,Buku,750000.0,2,Transfer Bank,2026-09-08,Tidore Kepulauan,4.0
TR00276,Karta Utama,Nam,Olahraga,750000.0,4,Kartu Kredit,2026-07-17,Kota Administrasi Jakarta Barat,5.0
TR00321,Kemal Wastuti,Quisquam,Buku,5000000.0,2,Kartu Kredit,2026-07-23,Malang,
TR00330,"drg. Winda Lailasari, S.E.",Illum Lite,Fashion,25000.0,2,Kartu Kredit,2026-09-05,Langsa,5.0
TR00174,Yuni Uyainah,Minima Max,Kesehatan,150000.0,3,COD,2026-06-28,Parepare,4.0
TR00273,Samsul Sudiati,Veritatis Basic,Elektronik,1200000.0,5,Kartu Kredit,2026-08-28,Blitar,
TR00496,"Cut Juli Adriansyah, S.Sos",Inventore Lite,Olahraga,1200000.0,2,COD,2026-06-28,Padangpanjang,2.0
TR00183,"Dr. Cornelia Wijayanti, S.Kom",Temporibus Lite,Olahraga,120000.0,4,E-Wallet,2026-08-15,Banjarbaru,
TR00269,Janet Jailani,Beatae Lite,Rumah Tangga,250000.0,2,COD,2026-07-18,Lhokseumawe,5.0
TR00353,"Dt. Emin Hariyah, M.Pd",Nisi Pro,Buku,15000.0,1,Kartu Kredit,2026-08-05,Kota Administrasi Jakarta Barat,4.0
TR00118,Belinda Permata,Suscipit,Rumah Tangga,50000.0,4,Kartu Kredit,2026-08-19,Bukittinggi,
TR00394,"Empluk Hartati, M.Kom.",Eum,Fashion,15000.0,1,COD,2026-07-21,Palangkaraya,5.0
TR00333,Tina Nashiruddin,Accusantium Max,Kesehatan,50000.0,1,E-Wallet,2026-08-24,Salatiga,
TR00456,Pia Permata,Delectus,Kesehatan,12000000.0,2,E-Wallet,2026-08-08,Makassar,
TR00445,Rosman Rahmawati,Voluptas Max,Olahraga,25000.0,3,Kartu Kredit,2026-07-20,Cimahi,2.0
TR00357,"Aurora Wacana, M.M.",Eveniet Basic,Fashion,150000.0,1,E-Wallet,2026-08-06,Bogor,
TR00087,H. Oman Palastri,Sed Max,Elektronik,25000.0,2,COD,2026-09-07,Jayapura,2.0
TR00439,"Dr. Nurul Marbun, S.Pt",Recusandae Pro,Olahraga,250000.0,5,Transfer Bank,2026-06-21,Kupang,3.0
TR00076,"Kiandra Lailasari, S.Sos",Exercitationem,Olahraga,120000.0,1,E-Wallet,2026-07-02,Tomohon,
TR00452,Mahesa Iswahyudi,Necessitatibus,Fashion,250000.0,3,Transfer Bank,2026-08-04,Tanjungbalai,
TR00016,Cahyo Melani,Possimus,Elektronik,250000.0,4,COD,2026-06-27,Binjai,3.0
TR00211,"Mustika Rahayu, M.Kom.",Qui Max,Kesehatan,25000.0,5,COD,2026-08-18,Jayapura,3.0
TR00181,"Kartika Pratama, M.M.",Numquam Pro,Olahraga,500000.0,5,COD,2026-09-12,Bengkulu,1.0
TR00398,Vanya Saputra,Corporis Pro,Rumah Tangga,120000.0,5,Transfer Bank,2026-06-30,Palangkaraya,1.0
TR00020,Maya Manullang,Odit Pro,Olahraga,75000.0,5,Transfer Bank,2026-06-19,Pekalongan,1.0
TR00341,Jaeman Sudiati,Minima Basic,Kesehatan,500000.0,1,E-Wallet,2026-07-26,Tomohon,3.0
TR00057,Mahmud Prayoga,Vel Lite,Elektronik,5000000.0,4,Kartu Kredit,2026-06-28,Solok,4.0
TR00279,Cahya Hidayanto,Odio Basic,Kesehatan,25000.0,3,Transfer Bank,2026-07-04,Bekasi,1.0
TR00468,"Ilyas Pratama, S.Pt",Consequuntur Lite,Fashion,500000.0,5,E-Wallet,2026-07-01,Semarang,2.0
TR00155,"Niyaga Januar, M.M.",Doloremque Lite,Olahraga,25000.0,3,COD,2026-08-20,Banjar,
TR00026,Drs. Indra Prabowo,Quis Basic,Elektronik,50000.0,4,COD,2026-08-25,Tasikmalaya,3.0
TR00266,Humaira Maheswara,Maxime Lite,Rumah Tangga,1200000.0,4,Transfer Bank,2026-07-28,Tidore Kepulauan,
TR00043,Wardaya Purnawati,Expedita Max,Kesehatan,5000000.0,5,Transfer Bank,2026-08-10,Solok,5.0
TR00313,Ella Novitasari,Suscipit,Kesehatan,500000.0,4,E-Wallet,2026-08-22,Bontang,5.0
TR00413,Dina Usada,Incidunt Basic,Kesehatan,750000.0,3,E-Wallet,2026-07-10,Tasikmalaya,
TR00457,"Prabowo Hardiansyah, S.Gz",Consequuntur Max,Fashion,1200000.0,5,COD,2026-08-14,Banda Aceh,
TR00285,Ihsan Hastuti,Vero Basic,Olahraga,50000.0,3,E-Wallet,2026-08-04,Purwokerto,1.0
TR00127,Asmuni Marbun,Inventore Basic,Elektronik,25000.0,3,E-Wallet,2026-08-11,Palembang,5.0
TR00335,Tgk. Bakianto Wacana,Velit Pro,Olahraga,120000.0,1,E-Wallet,2026-06-27,Pariaman,2.0
TR00032,"drg. Respati Wasita, S.Kom",Consequatur Pro,Rumah Tangga,25000.0,1,COD,2026-06-27,Manado,1.0
TR00114,Ghaliyati Tarihoran,Dolorum Basic,Olahraga,250000.0,1,COD,2026-07-16,Kota Administrasi Jakarta Utara,
TR00256,Erik Aryani,A Max,Olahraga,150000.0,2,E-Wallet,2026-08-13,Samarinda,
TR00219,drg. Paramita Hutapea,Nam Basic,Buku,120000.0,2,COD,2026-09-05,Jayapura,
TR00417,Maryadi Widiastuti,Libero,Olahraga,1200000.0,3,Transfer Bank,2026-07-03,Salatiga,3.0
TR00058,"Eva Prakasa, S.E.",Dolorum Basic,Olahraga,15000.0,5,Transfer Bank,2026-09-06,Cirebon,4.0
TR00397,Jamalia Tarihoran,Corrupti Basic,Elektronik,75000.0,2,Transfer Bank,2026-06-27,Palembang,3.0
TR00025,"Dr. Pranata Mahendra, S.E.I",Unde Basic,Olahraga,25000.0,1,E-Wallet,2026-07-31,Kota Administrasi Jakarta Selatan,2.0
TR00018,Rina Hastuti,Quia Lite,Fashion,1200000.0,5,Kartu Kredit,2026-07-11,Tangerang Selatan,
TR00193,Atmaja Mahendra,Harum Max,Rumah Tangga,750000.0,4,Transfer Bank,2026-08-14,Metro,4.0
TR00067,Betania Widiastuti,Iure Max,Olahraga,500000.0,3,COD,2026-08-14,Tebingtinggi,4.0
TR00287,R.M. Gadang Marbun,Dolorem,Buku,50000.0,5,COD,2026-07-18,Malang,4.0
TR00423,Cinta Farida,Voluptatem Max,Olahraga,500000.0,4,Kartu Kredit,2026-07-29,Langsa,4.0
TR00095,R. Halima Mahendra,Pariatur Max,Rumah Tangga,1200000.0,4,E-Wallet,2026-08-18,Pangkalpinang,5.0
TR00312,Hani Yolanda,Repellendus Pro,Elektronik,250000.0,1,Transfer Bank,2026-08-09,Sawahlunto,4.0
TR00369,Vicky Suryono,Modi Pro,Olahraga,250000.0,3,COD,2026-07-30,Lhokseumawe,5.0
TR00024,Dimas Purnawati,Beatae Lite,Olahraga,1200000.0,2,COD,2026-06-26,Batam,1.0
TR00272,"Dt. Bahuraksa Winarsih, S.Sos",Maiores Basic,Buku,12000000.0,2,COD,2026-08-04,Bandar Lampung,
TR00300,Najwa Damanik,Consectetur Basic,Kesehatan,2500000.0,3,E-Wallet,2026-09-12,Kendari,3.0
TR00374,Ir. Warsa Sirait,Facere Max,Elektronik,500000.0,1,Kartu Kredit,2026-08-26,Tebingtinggi,5.0
TR00006,Harjasa Kuswoyo,Magnam Max,Olahraga,75000.0,1,E-Wallet,2026-09-03,Banjar,
TR00117,Aslijan Ramadan,Perferendis Pro,Kesehatan,1200000.0,1,E-Wallet,2026-06-29,Padang,
TR00046,"Eja Haryanti, S.Psi",Aut Lite,Kesehatan,5000000.0,1,COD,2026-06-19,Batu,3.0
TR00186,"R. Diah Namaga, S.T.",Doloribus,Kesehatan,1200000.0,5,Transfer Bank,2026-06-28,Blitar,
TR00017,Lutfan Manullang,Vero Lite,Elektronik,75000.0,5,Kartu Kredit,2026-07-26,Meulaboh,5.0
TR00478,"Kawaca Nasyiah, M.Ak",Dolor Basic,Buku,50000.0,1,E-Wallet,2026-07-13,Bau-Bau,
TR00368,"drg. Vinsen Prasasta, M.Ak",Voluptatibus Pro,Buku,500000.0,1,E-Wallet,2026-07-07,Purwokerto,1.0
TR00004,Rini Setiawan,Ab Lite,Kesehatan,25000.0,1,COD,2026-08-26,Tanjungpinang,
TR00235,Hj. Dinda Tampubolon,Ipsa Lite,Olahraga,75000.0,1,COD,2026-09-14,Blitar,5.0
TR00385,"Raden Hutapea, S.Gz",Consectetur Basic,Rumah Tangga,15000.0,5,E-Wallet,2026-07-25,Purwokerto,4.0
TR00061,Yuni Pradana,Et Pro,Elektronik,500000.0,2,Transfer Bank,2026-06-21,Padang,4.0
TR00111,"Mutia Saputra, S.Pd",Explicabo Lite,Buku,250000.0,1,Transfer Bank,2026-07-09,Lubuklinggau,1.0
TR00410,Indah Wijaya,Maiores,Elektronik,50000.0,4,Kartu Kredit,2026-06-29,Semarang,
TR00421,Jayadi Jailani,Impedit,Olahraga,50000.0,4,Transfer Bank,2026-07-26,Binjai,5.0
TR00030,Satya Sitompul,Aut,Fashion,15000.0,5,COD,2026-08-04,Surakarta,
TR00275,Mustika Hartati,Maxime,Elektronik,500000.0,3,Transfer Bank,2026-07-22,Samarinda,
TR00303,Teguh Saptono,Maiores Lite,Elektronik,500000.0,3,Transfer Bank,2026-08-26,Banjar,4.0
TR00027,Lalita Winarsih,Totam Basic,Buku,1200000.0,2,E-Wallet,2026-07-22,Bitung,5.0
TR00008,dr. Ratih Nababan,Voluptatibus Max,Buku,25000.0,5,E-Wallet,2026-06-25,Yogyakarta,
TR00182,"Gading Palastri, S.I.Kom",Assumenda Pro,Buku,50000.0,4,Transfer Bank,2026-07-24,Bitung,4.0
TR00109,Emil Prasetya,Necessitatibus Max,Elektronik,500000.0,3,Transfer Bank,2026-08-20,Surabaya,
TR00038,Harjasa Adriansyah,Molestias Lite,Olahraga,15000.0,3,E-Wallet,2026-07-12,Kotamobagu,
TR00158,Bahuwirya Suryatmi,Modi,Buku,15000.0,3,Kartu Kredit,2026-08-13,Payakumbuh,
TR00482,Nugraha Mandala,Voluptates,Kesehatan,75000.0,1,E-Wallet,2026-06-20,Malang,
TR00119,"Drs. Warta Sihombing, S.Pt",Expedita Max,Fashion,1200000.0,4,Transfer Bank,2026-06-29,Sibolga,
TR00115,Asmadi Puspasari,Illum Max,Olahraga,500000.0,3,E-Wallet,2026-08-20,Subulussalam,5.0
TR00267,Kiandra Sirait,Ea Basic,Olahraga,75000.0,4,COD,2026-08-02,Medan,
TR00176,Makara Hariyah,Voluptates Basic,Olahraga,500000.0,5,Transfer Bank,2026-07-16,Binjai,3.0
TR00422,"R. Kamaria Saragih, S.Psi",Odit Basic,Olahraga,50000.0,5,E-Wallet,2026-08-28,Malang,5.0
TR00350,Edison Wasita,Ducimus Lite,Fashion,15000.0,5,Transfer Bank,2026-08-27,Medan,
TR00145,Tari Salahudin,Repudiandae Lite,Elektronik,25000.0,5,COD,2026-08-10,Bukittinggi,
TR00381,H. Endra Nasyiah,Illo Basic,Kesehatan,750000.0,4,Kartu Kredit,2026-06-20,Cirebon,
TR00392,"H. Cahyono Hutapea, M.TI.",Laborum Max,Fashion,50000.0,5,Transfer Bank,2026-06-23,Kediri,4.0
TR00212,Rahayu Hakim,Ab Pro,Kesehatan,25000.0,3,COD,2026-07-07,Yogyakarta,
TR00322,"KH. Cakrabuana Siregar, S.Gz",Illo Pro,Olahraga,250000.0,1,E-Wallet,2026-09-12,Malang,4.0
TR00495,Wardi Wasita,Alias Basic,Kesehatan,15000.0,1,Transfer Bank,2026-07-09,Subulussalam,3.0
TR00142,"Humaira Agustina, M.Kom.",Optio Basic,Elektronik,250000.0,5,Kartu Kredit,2026-07-10,Meulaboh,1.0
TR00377,Salman Hutagalung,Velit,Rumah Tangga,500000.0,4,E-Wallet,2026-06-23,Padang Sidempuan,
TR00068,Ophelia Saragih,Vel Pro,Rumah Tangga,250000.0,4,E-Wallet,2026-07-25,Tanjungpinang,3.0
TR00409,Unjani Usada,Porro Lite,Elektronik,500000.0,5,Kartu Kredit,2026-09-14,Madiun,3.0
TR00169,Ellis Pangestu,Delectus Lite,Buku,250000.0,5,Transfer Bank,2026-08-28,Pontianak,
TR00434,Hardi Megantara,Quaerat Pro,Kesehatan,1200000.0,2,COD,2026-07-23,Samarinda,
TR00229,"Drs. Martana Nainggolan, S.Psi",Sed Pro,Olahraga,15000.0,1,COD,2026-07-31,Banjarmasin,
TR00194,Drs. Ida Hasanah,Quae Basic,Rumah Tangga,75000.0,3,COD,2026-08-12,Tanjungpinang,4.0
TR00082,Nasab Suwarno,Ex Pro,Fashion,75000.0,3,E-Wallet,2026-07-13,Probolinggo,1.0
TR00110,dr. Nabila Puspasari,Quia Max,Fashion,250000.0,2,COD,2026-07-19,Manado,
TR00429,"Yessi Haryanto, M.Farm",Corporis Max,Fashion,15000.0,3,E-Wallet,2026-08-29,Mataram,2.0
TR00146,Paulin Laksmiwati,Laborum Lite,Fashion,250000.0,2,E-Wallet,2026-07-18,Palu,
TR00093,"Puti Nadine Budiyanto, M.Pd",Asperiores Basic,Elektronik,15000.0,5,E-Wallet,2026-09-16,Jayapura,4.0
TR00153,"Nasim Laksita, M.Pd",Amet Pro,Buku,2500000.0,1,Kartu Kredit,2026-08-13,Sorong,
TR00480,"Maya Permadi, S.Gz",Exercitationem,Rumah Tangga,250000.0,1,COD,2026-06-26,Binjai,4.0
TR00249,Aisyah Agustina,Asperiores Pro,Elektronik,500000.0,2,E-Wallet,2026-07-24,Kendari,3.0
TR00084,Atma Agustina,Nemo Pro,Buku,75000.0,3,Transfer Bank,2026-07-18,Padangpanjang,3.0
TR00104,"R.A. Yance Irawan, S.T.",Odio Pro,Kesehatan,150000.0,3,Kartu Kredit,2026-07-10,Salatiga,5.0
TR00166,Lukman Ramadan,Veritatis Pro,Elektronik,15000.0,3,Kartu Kredit,2026-08-26,Sorong,3.0
TR00164,"Hj. Lala Saefullah, S.Ked",Recusandae Pro,Rumah Tangga,250000.0,2,COD,2026-09-04,Sibolga,1.0
TR00200,Hendra Thamrin,Vel Pro,Rumah Tangga,15000.0,5,COD,2026-09-11,Tebingtinggi,
TR00246,Maras Laksmiwati,Minima Pro,Kesehatan,500000.0,3,COD,2026-08-07,Tasikmalaya,2.0
TR00075,Rahmi Hidayanto,Odit Lite,Kesehatan,25000.0,5,E-Wallet,2026-07-26,Tasikmalaya,5.0
TR00317,Salimah Kuswandari,Qui Max,Fashion,2500000.0,2,Transfer Bank,2026-07-22,Palu,
TR00230,Ciaobella Siregar,Blanditiis Basic,Kesehatan,500000.0,4,Transfer Bank,2026-08-03,Banjar,5.0
TR00485,Eluh Permata,Sunt Basic,Olahraga,15000.0,3,Transfer Bank,2026-06-25,Pekanbaru,3.0
TR00120,Ir. Genta Nurdiyanti,Modi Max,Elektronik,500000.0,3,Kartu Kredit,2026-07-29,Langsa,
TR00387,"drg. Septi Sitompul, M.Farm",Consequatur,Fashion,250000.0,1,E-Wallet,2026-09-07,Kediri,
TR00443,Irwan Jailani,Ullam Max,Rumah Tangga,500000.0,4,COD,2026-08-25,Bandung,5.0
TR00262,Tami Kuswandari,Suscipit Basic,Kesehatan,250000.0,1,COD,2026-07-05,Batam,1.0
TR00365,"dr. Cornelia Nasyiah, S.Kom",Asperiores Pro,Olahraga,50000.0,1,E-Wallet,2026-07-13,Batu,2.0
TR00412,Ismail Siregar,Voluptate Basic,Fashion,15000.0,1,Kartu Kredit,2026-06-25,Tangerang,1.0
TR00336,Hilda Ardianto,Facilis Pro,Kesehatan,25000.0,1,E-Wallet,2026-07-23,Tomohon,
TR00263,"Vicky Haryanti, S.Gz",Impedit Lite,Elektronik,50000.0,4,Kartu Kredit,2026-07-07,Banjar,5.0
TR00481,Rahmi Sudiati,Aspernatur Basic,Olahraga,120000.0,5,Kartu Kredit,2026-07-16,Bitung,
TR00419,Baktiadi Rajata,Est Basic,Elektronik,120000.0,5,Transfer Bank,2026-08-03,Palopo,4.0
TR00281,"R. Tania Uyainah, S.E.",Magni Lite,Rumah Tangga,50000.0,2,Transfer Bank,2026-08-03,Dumai,4.0
TR00037,"Sutan Caturangga Wasita, M.Kom.",Perspiciatis Lite,Buku,1200000.0,5,Transfer Bank,2026-07-08,Banjarmasin,
TR00197,"Cinta Sihotang, S.Farm",Ipsam Max,Fashion,50000.0,4,COD,2026-08-17,Bukittinggi,4.0
TR00140,Galang Puspasari,Accusantium Lite,Kesehatan,120000.0,3,Kartu Kredit,2026-08-07,Jayapura,4.0
TR00376,Najib Palastri,Porro Lite,Kesehatan,250000.0,4,Transfer Bank,2026-07-05,Pontianak,4.0
TR00494,Rika Lailasari,Eius Basic,Rumah Tangga,150000.0,5,E-Wallet,2026-08-23,Bukittinggi,5.0
TR00292,Pranata Pertiwi,Nesciunt Basic,Olahraga,75000.0,4,E-Wallet,2026-08-13,Payakumbuh,4.0
TR00060,"Cut Zamira Halimah, S.H.",Eligendi Basic,Buku,50000.0,4,Transfer Bank,2026-08-31,Malang,
TR00473,Carla Permadi,Praesentium Basic,Kesehatan,25000.0,4,Kartu Kredit,2026-08-15,Pontianak,1.0
TR00112,Paiman Nasyiah,Voluptas Max,Kesehatan,500000.0,2,COD,2026-07-05,Ternate,
TR00090,Ir. Salimah Dongoran,Blanditiis Basic,Kesehatan,500000.0,5,Transfer Bank,2026-08-15,Pangkalpinang,
TR00418,"Murti Yuliarti, S.Sos",Iure Max,Buku,1200000.0,5,Transfer Bank,2026-09-13,Bima,2.0
TR00007,"Michelle Nasyiah, S.IP",Minus Lite,Elektronik,500000.0,3,COD,2026-06-26,Sorong,
TR00372,Agus Rajata,Quod Basic,Buku,25000.0,2,Kartu Kredit,2026-09-11,Tidak Diketahui,
TR00355,"Ir. Hari Susanti, S.Ked",Excepturi Pro,Kesehatan,150000.0,3,Transfer Bank,2026-07-07,Serang,2.0
TR00347,Cut Putri Hariyah,Veniam Max,Elektronik,15000.0,2,COD,2026-08-30,Mojokerto,
TR00159,R. Gina Hariyah,Tempore,Fashion,1200000.0,1,E-Wallet,2026-07-11,Surakarta,
TR00151,"Dinda Wasita, S.E.I",Autem Pro,Kesehatan,25000.0,5,E-Wallet,2026-07-31,Makassar,5.0
TR00393,"Puti Jasmin Suartini, M.Ak",Saepe Basic,Rumah Tangga,1200000.0,4,E-Wallet,2026-07-24,Bandar Lampung,3.0
TR00039,Tami Puspita,Ut Pro,Kesehatan,75000.0,2,Kartu Kredit,2026-08-22,Depok,2.0
TR00323,Safina Rajasa,Perferendis Pro,Rumah Tangga,1200000.0,3,Kartu Kredit,2026-07-08,Sabang,5.0
TR00199,Panca Wahyudin,Delectus Basic,Kesehatan,15000.0,1,COD,2026-08-08,Surakarta,3.0
TR00450,Narji Sinaga,Expedita Pro,Kesehatan,25000.0,2,COD,2026-08-26,Pasuruan,1.0
TR00147,Fitriani Permadi,Rem Pro,Fashion,1200000.0,4,COD,2026-07-23,Banjar,2.0
TR00405,"Jumari Riyanti, M.Ak",Eius Max,Kesehatan,1200000.0,1,Transfer Bank,2026-07-30,Langsa,
TR00148,Uli Kusmawati,Voluptatibus Basic,Elektronik,12000000.0,4,Transfer Bank,2026-09-09,Meulaboh,4.0
TR00315,Lili Maryadi,Neque Lite,Elektronik,500000.0,1,Transfer Bank,2026-08-20,Pekalongan,
TR00490,Humaira Hutagalung,Rem Lite,Buku,75000.0,4,E-Wallet,2026-07-22,Cirebon,2.0
TR00124,Dr. Icha Firmansyah,Eveniet Max,Elektronik,50000.0,3,Kartu Kredit,2026-07-14,Tanjungpinang,4.0
TR00403,Dalima Haryanto,Doloremque Basic,Kesehatan,75000.0,1,Transfer Bank,2026-07-28,Langsa,
TR00097,Cici Prastuti,Alias,Olahraga,1200000.0,2,Kartu Kredit,2026-09-10,Mojokerto,5.0
TR00144,Vera Agustina,Laboriosam Basic,Olahraga,500000.0,5,COD,2026-09-11,Ambon,
TR00240,"Dr. Rafid Novitasari, S.Gz",Ut Basic,Fashion,1200000.0,2,Transfer Bank,2026-07-19,Serang,1.0
TR00407,Juli Astuti,Totam Basic,Olahraga,1200000.0,1,E-Wallet,2026-09-14,Tidak Diketahui,4.0
TR00098,"Faizah Hutagalung, M.Farm",Voluptas Basic,Rumah Tangga,250000.0,2,Kartu Kredit,2026-09-01,Bima,1.0
TR00361,Alika Situmorang,Temporibus Max,Rumah Tangga,12000000.0,4,Kartu Kredit,2026-08-18,Tanjungpinang,3.0
TR00123,Kusuma Hutagalung,Dolore,Kesehatan,50000.0,1,Transfer Bank,2026-06-19,Tanjungbalai,5.0
TR00184,"Tgk. Dimaz Mahendra, M.Farm",Enim Basic,Elektronik,250000.0,3,COD,2026-06-25,Semarang,
TR00203,"T. Kemal Prasetyo, S.Farm",Ratione,Rumah Tangga,50000.0,5,COD,2026-09-14,Sibolga,
TR00247,"Drs. Zizi Maheswara, S.Pd",Blanditiis Basic,Olahraga,250000.0,3,Kartu Kredit,2026-08-26,Palopo,3.0
TR00483,Dr. Purwa Rajata,Doloremque Pro,Fashion,25000.0,3,Kartu Kredit,2026-07-22,Tegal,1.0
TR00306,Hartana Wahyudin,Labore Max,Kesehatan,120000.0,2,E-Wallet,2026-08-08,Tomohon,5.0
TR00308,Cahyo Sitorus,Pariatur Lite,Elektronik,500000.0,3,E-Wallet,2026-08-04,Sibolga,2.0
TR00408,Rahmi Pangestu,Perferendis Max,Rumah Tangga,1200000.0,4,E-Wallet,2026-07-17,Lubuklinggau,
TR00291,Rudi Dabukke,Beatae Basic,Olahraga,25000.0,5,COD,2026-06-23,Sungai Penuh,
TR00126,Kenari Prasetyo,Tenetur,Kesehatan,1200000.0,1,Kartu Kredit,2026-07-02,Bontang,
TR00311,"Cut Kartika Sitompul, S.IP",Nesciunt Max,Fashion,500000.0,5,E-Wallet,2026-08-10,Serang,
TR00224,Hj. Siska Oktaviani,Iste Basic,Buku,250000.0,4,E-Wallet,2026-09-04,Bukittinggi,5.0
TR00441,"Vera Lailasari, M.Pd",Quaerat Basic,Elektronik,75000.0,5,Transfer Bank,2026-06-29,Kota Administrasi Jakarta Timur,4.0
TR00220,Victoria Narpati,Autem Lite,Fashion,5000000.0,4,Kartu Kredit,2026-08-03,Pontianak,2.0
TR00130,Rahmi Ramadan,Alias Pro,Kesehatan,5000000.0,3,E-Wallet,2026-06-27,Tual,1.0
TR00433,Puti Samiah Mansur,Ipsam,Elektronik,500000.0,1,COD,2026-06-29,Binjai,3.0
TR00491,Rangga Maryati,Aperiam Lite,Olahraga,250000.0,2,Transfer Bank,2026-09-12,Pangkalpinang,5.0
TR00337,Julia Sihombing,Reprehenderit Basic,Rumah Tangga,15000.0,4,COD,2026-08-23,Kota Administrasi Jakarta Selatan,3.0
TR00389,Puji Pratiwi,Unde,Olahraga,25000.0,4,Transfer Bank,2026-06-21,Banda Aceh,3.0
TR00298,Kiandra Susanti,Nihil Pro,Rumah Tangga,120000.0,3,COD,2026-07-11,Madiun,
TR00366,Rangga Rahmawati,Velit Pro,Rumah Tangga,25000.0,4,E-Wallet,2026-08-08,Gorontalo,
TR00302,"Hj. Samiah Halimah, S.Pd",Quidem Lite,Buku,50000.0,3,Transfer Bank,2026-06-19,Palangkaraya,3.0
TR00295,Ganep Sudiati,Dicta Max,Olahraga,500000.0,3,COD,2026-07-17,Tegal,
TR00349,Tira Haryanto,Quis Basic,Buku,2500000.0,2,E-Wallet,2026-09-16,Parepare,3.0
TR00113,Ika Rahmawati,Qui Lite,Kesehatan,12000000.0,3,Kartu Kredit,2026-08-11,Depok,2.0
TR00180,"Baktiadi Lestari, M.Ak",Nemo Max,Rumah Tangga,15000.0,5,Kartu Kredit,2026-09-11,Bandung,
TR00453,Mutia Laksita,Itaque Basic,Kesehatan,2500000.0,2,Kartu Kredit,2026-08-10,Tegal,4.0
TR00348,Yuliana Adriansyah,Esse Basic,Olahraga,250000.0,3,E-Wallet,2026-08-10,Pagaralam,4.0
TR00339,Silvia Mardhiyah,Voluptatibus Pro,Elektronik,120000.0,4,E-Wallet,2026-08-27,Subulussalam,2.0
TR00498,Tira Wahyudin,Officia Lite,Elektronik,120000.0,2,E-Wallet,2026-09-14,Sawahlunto,2.0
TR00371,"dr. Farhunnisa Uwais, S.Psi",Neque Lite,Elektronik,12000000.0,3,COD,2026-06-23,Ternate,3.0
TR00234,Tari Wahyuni,Sed Lite,Fashion,25000.0,1,Transfer Bank,2026-09-05,Bau-Bau,4.0
TR00461,Sari Samosir,Voluptates Max,Elektronik,120000.0,3,Kartu Kredit,2026-08-25,Sungai Penuh,
TR00463,R.A. Padma Zulaika,Numquam Basic,Olahraga,15000.0,5,E-Wallet,2026-06-19,Bitung,3.0
TR00165,"Najwa Suwarno, S.H.",Sequi Max,Fashion,500000.0,1,E-Wallet,2026-08-30,Subulussalam,5.0
TR00137,Dacin Maryati,Magni,Olahraga,25000.0,1,Transfer Bank,2026-08-14,Sorong,
TR00198,"Virman Kusmawati, S.Pt",Consectetur,Rumah Tangga,750000.0,2,Transfer Bank,2026-09-01,Palangkaraya,
TR00259,"Harsanto Wahyudin, S.T.",Ad,Olahraga,500000.0,3,COD,2026-07-21,Malang,2.0
TR00233,"Gandewa Haryanto, S.Psi",Consequatur Lite,Kesehatan,75000.0,1,Kartu Kredit,2026-08-08,Kotamobagu,1.0
TR00116,"Dr. Ciaobella Budiman, M.Farm",Id Max,Olahraga,75000.0,1,COD,2026-07-31,Makassar,1.0
TR00121,"Ir. Maria Samosir, M.Farm",Sit,Elektronik,15000.0,3,E-Wallet,2026-06-24,Tual,2.0
TR00370,Karen Mulyani,Praesentium Basic,Elektronik,50000.0,3,Kartu Kredit,2026-07-30,Tual,3.0
TR00225,Betania Halimah,Numquam Pro,Olahraga,12000000.0,5,Transfer Bank,2026-08-14,Semarang,5.0
TR00415,Patricia Mayasari,Voluptate Pro,Elektronik,500000.0,4,Transfer Bank,2026-07-26,Mataram,5.0
TR00356,Ivan Rahimah,Veniam Pro,Olahraga,25000.0,3,Transfer Bank,2026-08-21,Kota Administrasi Jakarta Barat,5.0
TR00128,Jarwa Sihombing,Voluptates Max,Rumah Tangga,120000.0,4,Transfer Bank,2026-07-25,Pekalongan,
TR00286,"Langgeng Najmudin, S.E.I",Non Lite,Kesehatan,50000.0,5,E-Wallet,2026-08-03,Bitung,4.0
TR00424,Rusman Latupono,Adipisci Lite,Fashion,5000000.0,5,COD,2026-09-03,Tangerang,
TR00108,KH. Dimas Kusmawati,Tenetur Basic,Kesehatan,75000.0,4,E-Wallet,2026-08-22,Banda Aceh,3.0
TR00382,Vega Kuswoyo,Qui Max,Olahraga,120000.0,3,Transfer Bank,2026-07-02,Solok,3.0
TR00334,"Praba Nababan, S.E.",Similique Lite,Elektronik,15000.0,1,E-Wallet,2026-09-04,Pagaralam,
TR00134,Laras Lailasari,Illo Basic,Olahraga,150000.0,5,E-Wallet,2026-08-17,Tual,3.0
TR00045,Mulyono Sihotang,Excepturi Basic,Olahraga,75000.0,3,Kartu Kredit,2026-07-12,Surakarta,5.0
TR00477,Sari Mardhiyah,Nesciunt Basic,Olahraga,12000000.0,2,Kartu Kredit,2026-07-27,Bau-Bau,3.0
TR00066,Ade Nurdiyanti,Quidem,Buku,750000.0,1,Transfer Bank,2026-08-19,Mataram,1.0
TR00284,Vivi Wasita,Repellat,Buku,250000.0,5,Kartu Kredit,2026-06-25,Sukabumi,
TR00086,drg. Natalia Ardianto,Libero Basic,Kesehatan,1200000.0,4,Transfer Bank,2026-07-15,Padangpanjang,5.0
TR00243,Tgk. Umi Hassanah,Eveniet Pro,Buku,1200000.0,2,E-Wallet,2026-08-06,Parepare,4.0
TR00187,Gatot Prakasa,Repudiandae Basic,Olahraga,500000.0,4,COD,2026-07-18,Kota Administrasi Jakarta Selatan,
TR00396,"Belinda Hutasoit, S.T.",Dolor Max,Rumah Tangga,50000.0,3,E-Wallet,2026-07-23,Ternate,
TR00160,Uda Hastuti,Illo Basic,Fashion,75000.0,3,COD,2026-08-18,Batu,4.0
TR00013,Hasna Haryanto,Error Basic,Olahraga,120000.0,5,Transfer Bank,2026-09-09,Jambi,3.0
TR00036,Yani Pudjiastuti,Consequuntur Pro,Elektronik,500000.0,3,COD,2026-06-23,Bekasi,3.0
TR00029,Adiarja Hidayanto,Voluptatum Pro,Olahraga,25000.0,2,Transfer Bank,2026-08-14,Batam,1.0
TR00171,"Jessica Latupono, M.M.",Autem,Buku,250000.0,2,COD,2026-07-01,Tangerang,
TR00143,Viman Rahimah,Quaerat Basic,Elektronik,250000.0,2,COD,2026-08-25,Batam,2.0
TR00411,R.M. Mahmud Pudjiastuti,Alias Max,Elektronik,75000.0,3,E-Wallet,2026-09-12,Tarakan,
TR00437,Sakti Tamba,Accusamus Max,Kesehatan,120000.0,2,Transfer Bank,2026-08-01,Meulaboh,2.0
TR00222,Cakrabuana Rajasa,Eius Max,Olahraga,150000.0,3,E-Wallet,2026-07-04,Tual,3.0
TR00096,"Hamima Uwais, S.E.",Sequi Lite,Elektronik,1200000.0,4,COD,2026-08-12,Cilegon,3.0
TR00052,Hafshah Habibi,Consectetur Lite,Buku,500000.0,4,E-Wallet,2026-08-15,Banjar,
TR00241,Eva Marpaung,Ducimus,Buku,750000.0,1,Transfer Bank,2026-09-01,Tebingtinggi,
TR00384,Michelle Pratiwi,Exercitationem,Rumah Tangga,250000.0,2,Kartu Kredit,2026-09-16,Langsa,4.0
TR00352,"dr. Devi Nugroho, M.Pd",Mollitia Pro,Buku,250000.0,4,E-Wallet,2026-08-05,Ambon,3.0
TR00391,R.A. Qori Wibisono,Veritatis Lite,Kesehatan,50000.0,1,E-Wallet,2026-09-07,Meulaboh,4.0
TR00179,"Tami Namaga, S.Farm",Repudiandae Lite,Elektronik,50000.0,5,E-Wallet,2026-08-24,Padangpanjang,3.0
TR00042,R. Soleh Nashiruddin,Atque Max,Kesehatan,75000.0,2,E-Wallet,2026-08-11,Padang,1.0
TR00449,"dr. Vega Halim, S.T.",Ullam Max,Fashion,25000.0,2,Kartu Kredit,2026-06-30,Kota Administrasi Jakarta Barat,
TR00400,Puspa Iswahyudi,Saepe Lite,Buku,15000.0,3,Transfer Bank,2026-08-11,Meulaboh,5.0
TR00207,Mutia Siregar,Dolore Lite,Rumah Tangga,75000.0,4,Transfer Bank,2026-07-22,Salatiga,5.0
TR00283,"Dr. Cager Suryatmi, S.Pt",At,Elektronik,500000.0,3,Kartu Kredit,2026-07-16,Pontianak,4.0
TR00359,Dinda Wijayanti,Quasi Lite,Elektronik,250000.0,1,COD,2026-07-08,Kota Administrasi Jakarta Utara,4.0
TR00255,Raihan Mandasari,Saepe Pro,Olahraga,15000.0,2,Kartu Kredit,2026-08-06,Tasikmalaya,
TR00425,"R.M. Wadi Prasasta, M.TI.",Doloribus Lite,Fashion,750000.0,5,COD,2026-08-07,Sabang,
TR00005,Jasmin Setiawan,Dolor Pro,Buku,1200000.0,5,Transfer Bank,2026-07-08,Bima,5.0
TR00257,Fitria Widiastuti,Velit Basic,Elektronik,120000.0,2,Kartu Kredit,2026-06-26,Batam,4.0
TR00462,Niyaga Kuswoyo,A Pro,Olahraga,120000.0,4,Kartu Kredit,2026-07-08,Blitar,4.0
TR00101,"drg. Yuni Lestari, S.IP",Non Lite,Elektronik,12000000.0,3,Kartu Kredit,2026-09-13,Tarakan,
TR00227,Gading Suwarno,Autem Basic,Elektronik,1200000.0,1,Kartu Kredit,2026-08-16,Singkawang,4.0
TR00440,Endra Prasetyo,Quidem,Elektronik,25000.0,2,Transfer Bank,2026-07-14,Salatiga,2.0
TR00214,"Mala Natsir, S.E.I",Modi Lite,Buku,75000.0,1,COD,2026-08-05,Pekalongan,
TR00435,Lintang Nashiruddin,Placeat,Buku,1200000.0,4,COD,2026-08-15,Sabang,5.0
TR00172,"Samiah Widodo, M.Pd",Maiores Basic,Buku,1200000.0,2,Kartu Kredit,2026-06-27,Balikpapan,
TR00099,"Vera Sihombing, M.Ak",Cumque Max,Buku,1200000.0,4,E-Wallet,2026-08-29,Malang,5.0
TR00293,"Kenes Siregar, S.Pd",Perspiciatis Max,Kesehatan,25000.0,4,E-Wallet,2026-07-11,Langsa,3.0
TR00216,Jagaraga Hutagalung,Ipsam Pro,Elektronik,75000.0,5,Kartu Kredit,2026-08-09,Tarakan,1.0
TR00062,Indah Hidayat,Hic Max,Kesehatan,500000.0,3,Transfer Bank,2026-07-20,Tangerang,1.0
TR00048,Intan Manullang,Nulla Basic,Buku,500000.0,5,Transfer Bank,2026-09-02,Singkawang,
TR00033,Laras Hastuti,Asperiores Lite,Kesehatan,120000.0,2,COD,2026-08-18,Banjarmasin,
TR00268,"Dr. Emas Hutasoit, S.Farm",Beatae,Rumah Tangga,2500000.0,4,E-Wallet,2026-07-27,Probolinggo,
TR00328,Janet Suwarno,Tenetur Pro,Olahraga,25000.0,5,Kartu Kredit,2026-06-24,Sungai Penuh,4.0
TR00201,Edward Rahimah,Ipsa,Kesehatan,25000.0,2,COD,2026-07-20,Bukittinggi,3.0
TR00484,Prasetya Dabukke,Iusto Pro,Elektronik,1200000.0,5,COD,2026-08-30,Pontianak,4.0
TR00028,Darmanto Haryanto,Labore Pro,Buku,250000.0,1,Kartu Kredit,2026-06-20,Semarang,2.0
TR00426,Malika Pradipta,Necessitatibus Lite,Olahraga,2500000.0,1,Kartu Kredit,2026-08-14,Subulussalam,
TR00231,Nugraha Farida,Nulla Lite,Buku,250000.0,1,Kartu Kredit,2026-08-05,Mataram,2.0
TR00261,Garan Palastri,Labore Lite,Buku,250000.0,1,Kartu Kredit,2026-08-31,Tangerang Selatan,
TR00379,Johan Hasanah,Minima Lite,Kesehatan,500000.0,5,Transfer Bank,2026-06-24,Surabaya,2.0
TR00289,"Gadang Susanti, M.Pd",Consectetur Basic,Rumah Tangga,1200000.0,4,E-Wallet,2026-08-03,Semarang,
TR00163,Harjaya Pertiwi,Magnam Basic,Olahraga,50000.0,4,Kartu Kredit,2026-08-09,Banda Aceh,4.0
TR00438,Dr. Martani Lailasari,Nemo,Olahraga,750000.0,1,Transfer Bank,2026-08-19,Tarakan,3.0
TR00139,Tami Laksita,Cupiditate,Rumah Tangga,120000.0,1,Transfer Bank,2026-06-21,Tarakan,2.0
TR00063,"Drs. Julia Dabukke, S.IP",Facilis Max,Fashion,25000.0,1,E-Wallet,2026-07-05,Bandung,2.0
TR00136,Zelaya Mulyani,A,Fashion,500000.0,4,E-Wallet,2026-08-17,Padang Sidempuan,
TR00129,drg. Ismail Hutapea,Sapiente,Buku,75000.0,4,Kartu Kredit,2026-06-22,Ternate,4.0
TR00493,Erik Pratiwi,Incidunt Max,Rumah Tangga,500000.0,5,E-Wallet,2026-08-24,Pangkalpinang,5.0
TR00009,Cindy Pradipta,Consequuntur,Fashion,250000.0,1,COD,2026-07-23,Subulussalam,5.0
TR00327,R.M. Hasim Yolanda,Pariatur Pro,Fashion,120000.0,1,Kartu Kredit,2026-07-31,Tomohon,
TR00479,Sutan Respati Mangunsong,Quidem Max,Olahraga,15000.0,2,Transfer Bank,2026-07-18,Lhokseumawe,4.0
TR00065,Drs. Calista Winarno,Repellat Pro,Fashion,120000.0,1,Kartu Kredit,2026-07-06,Tarakan,1.0
TR00301,Lamar Thamrin,Architecto Pro,Elektronik,25000.0,4,E-Wallet,2026-06-23,Serang,4.0
TR00015,Dr. Eluh Padmasari,Nobis,Fashion,25000.0,3,COD,2026-09-07,Mataram,
TR00157,Karta Zulkarnain,Recusandae Basic,Fashion,75000.0,2,COD,2026-08-19,Cimahi,
TR00041,Amelia Hardiansyah,Reprehenderit Lite,Kesehatan,50000.0,1,Kartu Kredit,2026-07-31,Banjarmasin,4.0
TR00380,Anita Ardianto,Quibusdam,Elektronik,750000.0,3,COD,2026-08-07,Banda Aceh,3.0
TR00474,Gatra Simanjuntak,Delectus Max,Olahraga,500000.0,3,Transfer Bank,2026-07-23,Mataram,1.0
TR00416,"Yessi Nasyiah, M.Ak",Tempore Max,Olahraga,750000.0,4,Transfer Bank,2026-09-09,Yogyakarta,3.0
TR00217,"Hamzah Siregar, S.IP",Necessitatibus Basic,Rumah Tangga,50000.0,3,COD,2026-06-20,Cimahi,3.0
TR00280,"Ir. Surya Simanjuntak, S.I.Kom",Voluptatum Lite,Buku,75000.0,5,E-Wallet,2026-06-24,Langsa,4.0
TR00448,Tgk. Zamira Mulyani,Veritatis Lite,Buku,250000.0,2,E-Wallet,2026-08-31,Tomohon,
TR00487,"R. Tugiman Pertiwi, S.IP",Eum Lite,Kesehatan,1200000.0,4,Transfer Bank,2026-08-24,Banjar,
TR00338,"Gatra Prakasa, S.Gz",Vel Basic,Fashion,15000.0,5,COD,2026-06-29,Cilegon,4.0
TR00237,"Nardi Novitasari, S.Pt",Tenetur,Buku,50000.0,4,COD,2026-08-18,Banda Aceh,
TR00208,Puti Anastasia Mangunsong,Dolore Max,Buku,1200000.0,5,E-Wallet,2026-08-25,Tangerang,5.0
TR00213,Prakosa Rajasa,Illum,Kesehatan,120000.0,2,E-Wallet,2026-07-18,Payakumbuh,5.0
TR00296,"dr. Lalita Mustofa, S.I.Kom",Quam Pro,Fashion,5000000.0,1,E-Wallet,2026-08-08,Kendari,2.0
TR00471,Samsul Wahyuni,Incidunt,Olahraga,25000.0,1,E-Wallet,2026-07-07,Tidore Kepulauan,1.0
TR00252,"R. Vanya Halimah, M.M.",Sint Lite,Olahraga,1200000.0,3,Transfer Bank,2026-06-19,Banda Aceh,5.0
TR00472,Ida Yuliarti,Asperiores Basic,Olahraga,500000.0,3,Kartu Kredit,2026-08-28,Payakumbuh,
TR00304,Anastasia Purnawati,Ratione Pro,Fashion,75000.0,5,Transfer Bank,2026-07-06,Batu,
TR00351,Melinda Waluyo,Minus,Fashion,25000.0,4,Transfer Bank,2026-06-26,Sungai Penuh,2.0
TR00270,Rahmi Aryani,Doloremque Lite,Kesehatan,500000.0,3,Transfer Bank,2026-08-20,Palopo,5.0
TR00202,"Jaya Prasetyo, S.IP",Laudantium Lite,Fashion,500000.0,5,Transfer Bank,2026-09-03,Binjai,4.0
TR00162,Mutia Sihombing,Eius Pro,Buku,1200000.0,3,Transfer Bank,2026-09-16,Bima,3.0
TR00044,Hari Wahyuni,Reprehenderit Max,Elektronik,25000.0,5,COD,2026-08-08,Kota Administrasi Jakarta Selatan,1.0
TR00218,"Drs. Jagaraga Tarihoran, S.Pt",Nostrum Max,Rumah Tangga,1200000.0,2,E-Wallet,2026-09-03,Palangkaraya,
TR00402,R.M. Mahdi Wibowo,Dolores Lite,Kesehatan,75000.0,3,E-Wallet,2026-07-01,Kota Administrasi Jakarta Timur,2.0
TR00191,"Yoga Dabukke, S.Gz",Perferendis Lite,Olahraga,500000.0,2,Transfer Bank,2026-09-03,Tangerang Selatan,1.0
TR00310,Ophelia Melani,Quibusdam Lite,Rumah Tangga,500000.0,1,Transfer Bank,2026-08-02,Parepare,3.0
TR00260,Oskar Wahyuni,Sunt Max,Olahraga,500000.0,4,Kartu Kredit,2026-06-28,Bogor,
TR00106,Gabriella Thamrin,Facilis Basic,Buku,1200000.0,4,Transfer Bank,2026-07-19,Sabang,3.0
TR00054,Puspa Aryani,Ratione Basic,Buku,250000.0,4,Kartu Kredit,2026-06-19,Tanjungbalai,4.0
TR00390,Langgeng Megantara,Nam Basic,Elektronik,50000.0,2,Kartu Kredit,2026-09-10,Cilegon,4.0
TR00002,"Puji Irawan, M.Farm",Nisi,Rumah Tangga,15000.0,1,E-Wallet,2026-06-21,Jambi,2.0
TR00455,Gasti Aryani,Error Pro,Buku,25000.0,1,Kartu Kredit,2026-08-02,Kotamobagu,1.0
TR00499,Johan Mansur,Tempore Basic,Elektronik,50000.0,4,COD,2026-08-31,Semarang,5.0
TR00050,Calista Kurniawan,Quod Lite,Buku,250000.0,3,E-Wallet,2026-07-02,Sibolga,2.0
TR00420,Kania Hariyah,Veritatis Lite,Buku,250000.0,1,Transfer Bank,2026-08-10,Malang,
TR00081,Vivi Nurdiyanti,Placeat,Rumah Tangga,12000000.0,4,Kartu Kredit,2026-08-14,Palembang,5.0
TR00206,Opung Usada,Aliquam,Buku,500000.0,2,Transfer Bank,2026-06-27,Metro,4.0
TR00035,Dina Anggraini,Ducimus Max,Kesehatan,75000.0,3,COD,2026-07-14,Batu,
TR00431,"Galar Riyanti, S.Sos",Similique,Elektronik,15000.0,3,Kartu Kredit,2026-07-24,Malang,
TR00264,Ira Mulyani,Nam Pro,Olahraga,250000.0,4,Kartu Kredit,2026-09-16,Kota Administrasi Jakarta Pusat,5.0
TR00428,Kayla Ardianto,Voluptatibus Pro,Fashion,1200000.0,2,COD,2026-07-08,Tomohon,
TR00367,"dr. Ilsa Budiman, S.Kom",Eaque Pro,Elektronik,500000.0,5,COD,2026-09-13,Tidore Kepulauan,
TR00092,Vanya Wibowo,Hic Basic,Buku,1200000.0,1,E-Wallet,2026-08-25,Kota Administrasi Jakarta Pusat,
TR00340,Kartika Susanti,Est,Elektronik,500000.0,3,Kartu Kredit,2026-07-08,Pariaman,3.0
TR00489,"Cut Puspa Yolanda, S.Farm",Et Pro,Rumah Tangga,250000.0,1,COD,2026-07-17,Tebingtinggi,3.0
TR00053,Ganda Mustofa,Tempore Pro,Rumah Tangga,75000.0,2,E-Wallet,2026-09-15,Ternate,2.0
TR00346,drg. Rusman Hakim,Odit Basic,Elektronik,250000.0,5,COD,2026-06-30,Palu,
TR00265,Parman Yuliarti,Eaque Lite,Olahraga,50000.0,4,COD,2026-07-14,Sungai Penuh,1.0
TR00242,Aurora Zulkarnain,Maiores,Buku,75000.0,4,COD,2026-08-18,Palembang,2.0
TR00014,"Jamil Widodo, M.M.",Dicta Max,Elektronik,120000.0,4,Transfer Bank,2026-07-12,Tidore Kepulauan,3.0
TR00316,"Drs. Viman Halimah, S.Gz",Voluptatibus Lite,Elektronik,15000.0,2,Kartu Kredit,2026-07-01,Sabang,
TR00089,Saadat Hastuti,Debitis Basic,Kesehatan,5000000.0,3,Transfer Bank,2026-09-15,Mojokerto,
TR00388,Umay Purnawati,Pariatur Max,Kesehatan,1200000.0,5,Transfer Bank,2026-07-13,Tangerang Selatan,5.0
TR00274,Daryani Yuliarti,Maiores Basic,Olahraga,15000.0,3,E-Wallet,2026-07-21,Sibolga,
TR00167,Unggul Utami,Tenetur Pro,Elektronik,75000.0,4,Transfer Bank,2026-06-22,Bandung,5.0
TR00329,R.A. Patricia Firgantoro,Doloribus Lite,Fashion,1200000.0,3,COD,2026-07-26,Bandung,1.0
TR00135,Dt. Jaeman Irawan,Ipsam Max,Elektronik,50000.0,2,E-Wallet,2026-07-11,Yogyakarta,1.0
TR00307,Dalimin Suartini,Quaerat Lite,Rumah Tangga,250000.0,2,Kartu Kredit,2026-07-25,Banjar,1.0
TR00497,Almira Megantara,Hic Basic,Buku,250000.0,3,Kartu Kredit,2026-06-27,Pematangsiantar,5.0
TR00320,"T. Niyaga Pranowo, M.Kom.",Ipsum Pro,Fashion,150000.0,4,E-Wallet,2026-08-01,Kotamobagu,1.0
TR00244,"R.A. Kartika Wastuti, M.Farm",Nulla Basic,Olahraga,2500000.0,3,Kartu Kredit,2026-07-30,Metro,
TR00055,Kenes Firgantoro,Maxime Basic,Kesehatan,75000.0,3,E-Wallet,2026-08-10,Palangkaraya,3.0
TR00364,R.M. Harsanto Prasasta,Facere Pro,Rumah Tangga,500000.0,5,E-Wallet,2026-07-07,Palopo,
TR00051,Nasim Siregar,Enim Lite,Elektronik,15000.0,2,Transfer Bank,2026-08-19,Pekalongan,5.0
TR00470,"Bakiadi Prayoga, M.Pd",Sapiente,Buku,500000.0,2,Kartu Kredit,2026-08-12,Tanjungbalai,
TR00175,Lukman Purwanti,Itaque Basic,Kesehatan,50000.0,4,COD,2026-09-09,Sukabumi,1.0
TR00446,R. Violet Putra,Enim,Fashion,500000.0,4,E-Wallet,2026-08-30,Prabumulih,
TR00190,Warsita Susanti,Aperiam Max,Elektronik,1200000.0,2,COD,2026-08-23,Palu,
TR00464,"drg. Talia Mustofa, M.Kom.",Aut Lite,Fashion,500000.0,2,Transfer Bank,2026-07-09,Tegal,3.0
TR00188,Budi Andriani,Qui,Kesehatan,50000.0,5,Kartu Kredit,2026-06-29,Parepare,
TR00170,T. Radika Marbun,Facere Basic,Kesehatan,1200000.0,1,COD,2026-09-09,Kupang,1.0
TR00059,"Juli Zulkarnain, S.H.",Fugiat Basic,Olahraga,75000.0,4,Kartu Kredit,2026-07-03,Metro,
TR00475,Ir. Cawuk Halimah,Aut Basic,Buku,75000.0,3,Transfer Bank,2026-06-20,Balikpapan,3.0
TR00049,"Ir. Karsana Anggriawan, M.Pd",In,Olahraga,250000.0,4,E-Wallet,2026-09-10,Bogor,
TR00345,Calista Zulaika,Enim,Kesehatan,50000.0,4,Transfer Bank,2026-08-22,Bekasi,5.0
TR00236,Puti Ira Purwanti,Minus Max,Olahraga,2500000.0,2,E-Wallet,2026-08-15,Blitar,5.0
TR00253,Gasti Maryadi,Quo Lite,Buku,75000.0,3,Transfer Bank,2026-09-11,Binjai,5.0
TR00022,Vanesa Marpaung,Quis,Rumah Tangga,75000.0,4,Transfer Bank,2026-09-12,Serang,4.0
TR00314,"Hj. Hesti Firmansyah, M.Farm",Voluptates Lite,Fashion,250000.0,4,Kartu Kredit,2026-06-28,Palembang,1.0
TR00460,"Gatra Ramadan, S.Pt",Minima Pro,Buku,750000.0,5,Kartu Kredit,2026-08-17,Banjarbaru,1.0
TR00161,Jelita Rahmawati,In Basic,Kesehatan,500000.0,5,E-Wallet,2026-08-15,Tanjungbalai,3.0
TR00277,Akarsana Nashiruddin,Praesentium Lite,Kesehatan,15000.0,4,Kartu Kredit,2026-08-04,Kota Administrasi Jakarta Selatan,
TR00444,Hani Tampubolon,Commodi Pro,Buku,25000.0,5,Transfer Bank,2026-07-28,Kendari,3.0
TR00192,Joko Handayani,Aut,Kesehatan,75000.0,5,Transfer Bank,2026-09-07,Sibolga,3.0
TR00386,Amelia Uyainah,Accusamus Max,Olahraga,120000.0,2,Transfer Bank,2026-08-21,Payakumbuh,
TR00294,Belinda Halim,Dolore,Buku,500000.0,2,E-Wallet,2026-07-28,Pangkalpinang,5.0
TR00414,Widya Waluyo,Aut Lite,Elektronik,1200000.0,4,Kartu Kredit,2026-07-29,Sawahlunto,4.0
TR00492,"Tgk. Vicky Saragih, S.Psi",Commodi Pro,Olahraga,150000.0,4,COD,2026-08-07,Medan,5.0
TR00344,"Drs. Ophelia Pangestu, M.Farm",Quidem Max,Olahraga,15000.0,3,E-Wallet,2026-07-02,Pematangsiantar,4.0
TR00258,Dr. Jono Mayasari,Quod Lite,Buku,250000.0,5,Transfer Bank,2026-06-20,Banjar,3.0
TR00309,R.M. Gamanto Suryatmi,Ipsum,Olahraga,1200000.0,1,E-Wallet,2026-07-03,Semarang,1.0
TR00150,dr. Cinthia Farida,Consequuntur,Olahraga,15000.0,4,Kartu Kredit,2026-08-05,Balikpapan,4.0
TR00131,"Rizki Santoso, M.Farm",Animi Pro,Elektronik,5000000.0,1,Transfer Bank,2026-08-26,Parepare,3.0
TR00152,drg. Sadina Hutapea,Iure,Olahraga,500000.0,3,Kartu Kredit,2026-09-03,Lubuklinggau,5.0
TR00360,Kalim Rahayu,Doloribus Lite,Elektronik,15000.0,2,COD,2026-08-14,Sabang,1.0
TR00100,dr. Mitra Uwais,Atque,Kesehatan,25000.0,4,Kartu Kredit,2026-08-03,Balikpapan,
TR00373,Daliman Sitompul,Eum Basic,Olahraga,25000.0,2,Kartu Kredit,2026-07-23,Payakumbuh,
TR00088,Maya Laksita,Aliquam Basic,Olahraga,1200000.0,3,Kartu Kredit,2026-07-23,Tebingtinggi,1.0
TR00459,"Diah Yulianti, S.Pd",Dolore Lite,Buku,1200000.0,3,Kartu Kredit,2026-09-05,Bekasi,2.0
TR00331,Ir. Cici Sitorus,Id Max,Fashion,1200000.0,3,Transfer Bank,2026-07-29,Bogor,3.0
TR00215,Ir. Reksa Thamrin,Aut Lite,Elektronik,50000.0,4,E-Wallet,2026-07-24,Palangkaraya,3.0
TR00467,Tantri Prabowo,Sunt,Rumah Tangga,15000.0,3,Kartu Kredit,2026-08-25,Singkawang,4.0
TR00122,Luis Prabowo,Fuga,Fashion,75000.0,3,Transfer Bank,2026-08-17,Kendari,2.0
TR00021,"R.M. Jono Kurniawan, S.Pd",Tempore Pro,Kesehatan,25000.0,5,Kartu Kredit,2026-08-03,Bukittinggi,5.0
TR00189,Victoria Tarihoran,Quam Pro,Olahraga,50000.0,3,COD,2026-08-11,Pekalongan,5.0
TR00072,Maimunah Wulandari,Error Pro,Fashion,500000.0,4,Kartu Kredit,2026-08-04,Surabaya,
TR00107,Kariman Nainggolan,Blanditiis,Fashion,250000.0,4,COD,2026-07-10,Pasuruan,3.0
TR00271,Ozy Thamrin,Sint Lite,Buku,15000.0,4,COD,2026-09-16,Subulussalam,
TR00436,Jindra Suwarno,Deserunt Pro,Olahraga,50000.0,4,COD,2026-07-05,Solok,3.0
TR00103,"Dr. Prayitna Laksmiwati, M.M.",Nostrum Lite,Buku,25000.0,4,Transfer Bank,2026-09-01,Madiun,1.0
